{"cameraMode":{"drawMode":0,"name":"Shaded","section":"Shading Mode"},"sceneLighting":true,"audioPlay":false,"sceneViewState":{"m_AlwaysRefresh":false,"showFog":true,"showSkybox":true,"showFlares":true,"showImageEffects":true,"showParticleSystems":true,"showVisualEffectGraphs":true,"m_FxEnabled":true},"in2DMode":false,"pivot":{"x":43.10939025878906,"y":9.736858367919922,"z":15.677804946899414},"rotation":{"x":0.04084078222513199,"y":-0.9472834467887878,"z":0.13446980714797975,"w":0.2880394458770752},"size":1.1394517421722413,"orthographic":false}