{"cameraMode":{"drawMode":0,"name":"Shaded","section":"Shading Mode"},"sceneLighting":true,"audioPlay":false,"sceneViewState":{"m_AlwaysRefresh":false,"showFog":true,"showSkybox":true,"showFlares":true,"showImageEffects":true,"showParticleSystems":true,"showVisualEffectGraphs":true,"m_FxEnabled":true},"in2DMode":false,"pivot":{"x":-1.9327696561813355,"y":0.034563422203063968,"z":4.280553817749023},"rotation":{"x":-0.031042862683534623,"y":0.9614400267601013,"z":-0.24448223412036897,"w":-0.12207866460084915},"size":1.5140430927276612,"orthographic":false}