{"cameraMode":{"drawMode":0,"name":"Shaded","section":"Shading Mode"},"sceneLighting":true,"audioPlay":false,"sceneViewState":{"m_AlwaysRefresh":false,"showFog":true,"showSkybox":true,"showFlares":true,"showImageEffects":true,"showParticleSystems":true,"showVisualEffectGraphs":true,"m_FxEnabled":true},"in2DMode":false,"pivot":{"x":-74.58784484863281,"y":239.21267700195313,"z":53.29067611694336},"rotation":{"x":0.09330856800079346,"y":-0.8540063500404358,"z":0.16444003582000733,"w":0.48474615812301638},"size":51.63335037231445,"orthographic":true}