{"cameraMode":{"drawMode":0,"name":"Shaded","section":"Shading Mode"},"sceneLighting":true,"audioPlay":false,"sceneViewState":{"m_AlwaysRefresh":false,"showFog":true,"showSkybox":true,"showFlares":true,"showImageEffects":true,"showParticleSystems":true,"showVisualEffectGraphs":true,"m_FxEnabled":true},"in2DMode":false,"pivot":{"x":0.2531302273273468,"y":0.24400310218334199,"z":6.171223163604736},"rotation":{"x":-0.0004615739162545651,"y":0.9958899617195129,"z":-0.09048493951559067,"w":-0.005078536923974752},"size":3.802513599395752,"orthographic":false}